{"neural-net-training":{"PLACEHOLDER":15.1579284,"dropouts":78.7721439,"mse-more-hidden":43.64041,"mse-loss-experiment":28.7553079,"one-hot":88.7708091,"champion-final-model":49.8537172,"gradient-descent":67.6078017,"general-final-model":35.9052923,"mse-adam":55.616073,"faster-learning":25.6686447,"no-softmax":53.4166745,"scaled-features":55.3994293,"dropouts-longer-training":451.8790576,"initial-experiment":77.1650272,"more-hidden-layers":103.3080268},"value-iteration":{"naive":[10.8310432,9.6030721,10.0704437,10.6466064,10.8650629,14.3197958,19.9427563,10.0910924,10.5037395,9.802654,10.4462941,10.5592803,11.1290738,10.018855,10.6420798,11.1828024,10.2292002,10.8376204,11.5549349,10.2018528,11.0700751,10.7397743,11.0210377,11.3670983,10.4767682,11.1446232,11.7350845,10.9147273,11.6175334,11.1527145,11.1433121,11.3972866,10.765202,10.9008016,11.559637,10.1876523,11.0786631,10.9732534,11.0108967,11.3494223,10.3886192,11.0233099,11.8624989,10.2251242,11.2862238,10.7993112,10.9704493,11.5278722,10.3730254,11.213391,10.9957214,11.1237983,11.6843456,10.4558345,11.0304702,11.6412799,10.2999291,11.1976613,10.6939197,10.9847255,11.6644111,10.3694933,11.0606253,12.0963664,10.3521348,11.555546,10.792643,11.2124851,11.0585961,11.5531969,11.885475,10.6392265,11.3689861,10.9243768,11.1853826,12.0467457,10.3856771,11.744475,10.6603772,11.204887,11.1112365,11.3774116,11.8885932,10.6026017,11.6256692,10.814505,11.1320502,11.1202977,11.4015393,11.8263734,10.7664322,11.3364502,11.2881935,11.2066563,11.8217333,10.622972,11.5211861,10.8157085,11.3845669,10.9526142,11.4224771,11.6458342,10.73983,11.5146817,11.0769975,11.4614502,12.4618841,10.5113813,11.3831256,10.8566814,11.3239073,10.8802106,11.3043525,11.7099457,10.5947637,11.2379124,11.0035813,11.361254,11.8579552,10.580199,11.4784176,10.9183534,11.1730136,11.0073557,11.4773645,11.6326261,10.7555699,11.3665765,11.0160717,11.1314646,11.9639003,10.6258459,11.4424512,10.8351714,11.271747,11.1174075,11.5109074,11.7582094,10.7932993,11.328709,11.0499589,11.3135678,11.8160245,10.5549068,11.3924636,10.9376683,11.2641446,10.9562352,11.3853703,11.5428071],"general-pawnn":[10.5424014,9.1976692,9.8610473,10.1285058,9.1600784,10.8075731,9.1514947,9.3393354,10.9936708,9.2231502,9.3084559,9.9496092,10.4826823,9.1890537,9.8314275,10.4580145,9.3348323,9.6593099,10.5654776,9.3072063,9.5835644,11.0925257,9.4613188,9.6233395,10.0516375,10.3651809,9.2692017,10.0153716,10.3822716,9.274779,9.8731126,10.6489461,9.2264667,9.6378396,10.8441648,9.3479076,9.4767652,10.9563088,9.2922935,9.590212,10.0285578,10.4191923,9.1853918,9.7400684,10.4971007,9.5013325,9.6900071,10.8002333,9.3046348,9.5214974,10.9859736,9.316366,9.3375717,10.5384165,10.4509281,9.3760935,10.0862665,10.6762007,9.1816346,9.6743863,10.7713054,9.5817621,9.4721828,10.904984,9.3709035,9.317638,10.1575019,10.4565154,9.2213024,10.0372666,10.5216443,9.1633536,9.6873871,10.7448239,9.3074578,9.5373742,10.8023421,9.3140753,9.3382795,9.9471319,10.4625527,9.2903625,10.175904,10.6444773,9.5995871,9.9579694,10.627322,9.236918,9.7095129,10.8266397,9.3381651,9.3768509,11.0572411,9.5510308,9.5025503,10.0317347,10.5684922,9.3574314,9.8977978,10.5298737,9.2101116,9.6413707,10.8848736,9.2683063,9.4509847,11.0628025,9.2525823,9.3669581,10.0735365,10.5799785,9.4140648,9.969665,10.4418898,9.2653504,10.0046781,10.6802558,9.3037439,9.4287611,10.7473551,9.1890928,9.2557502,10.193922,10.360537,9.3091383,10.0760232,10.3372456,9.2597383,9.9532267,10.786182,9.2899557,9.572197,10.8640823,9.2851133,9.4509371,10.8554694,9.231189,9.3361821,10.0190569,10.6212015,9.2927214,9.7753588,10.5762641,9.257284,9.513521,10.9806265,9.3367608,9.5510485,10.0945479,10.3747605,9.3652236],"champion-parless":[11.5599321,9.6115381,10.3613442,11.1291868,9.8276416,10.5523217,10.791003,10.152242,11.3059124,9.7950966,10.5562307,10.9095211,9.7335803,11.673479,9.7958259,10.3251609,11.2083102,9.573169,10.5245209,10.8443473,9.8010368,11.554689,9.708917,10.2803427,11.1003755,9.6041185,10.6165995,11.0130996,10.0278493,11.3711361,9.6486362,10.310827,11.1183481,9.7124887,10.5176006,10.7761112,9.9675633,11.5842216,9.7006092,10.3727184,11.2489961,9.7317636,10.6731656,10.8201539,9.9718108,11.4636837,9.7000035,10.4366646,10.944097,9.929789,10.5078308,10.7664364,10.1333156,11.2285256,11.0916674,11.6377089,11.3357144,10.2522699,12.1343259,10.2941549,10.5518447,11.3142547,9.8313536,10.5972948,10.999983,10.0525193,11.5470327,9.7288963,10.2999636,11.2862359,9.5985146,10.6437701,10.8696697,9.9688875,11.4427457,9.6496895,10.3447558,11.0367849,9.726444,10.5905868,10.9234304,9.9628461,11.5340065,9.6898824,10.4425745,11.0317312,9.7634723,10.7423482,10.9284355,10.0060202,11.2780419,9.5873211,10.4404296,10.9202184,9.8317259,10.6339644,10.6891106,10.3219851,11.1016957,9.6583011,10.471886,10.8862322,9.8992855,11.3821129,9.7484902,10.433298,11.1665202,9.6894233,10.5270766,10.7978508,9.9028499,11.5726989,9.6536323,10.375847,11.2398797,9.6417836,10.5730067,10.9693292,10.0939569,11.3393466,9.833672,10.3635134,11.1031755,9.6823425,10.5522015,10.897497,10.1571847,11.4084413,9.7729926,10.556624,10.9828887,9.8060759,11.5828074,9.7912007,10.1443522,11.3648739,9.6928467,10.6074224,11.0282524,9.7815256,11.7056161,9.7426373,10.3027137,11.1528377,9.6446046,10.6945641,10.8822868,9.7980252,11.7084818,9.6257862],"general-parless":[10.0504269,10.5315017,9.1234368,11.0507086,9.3287679,11.4433358,9.5848226,10.6096638,10.5046292,10.2457617,10.7806208,9.9797258,10.8711685,9.9464935,11.1146254,9.4862231,11.4511271,9.5674278,10.4846878,10.5235986,10.2652495,10.7017426,10.0964872,10.8223459,9.7225723,11.0829421,9.5497419,11.492113,9.6063764,10.7921051,10.6405122,10.5118734,11.0515985,10.2655172,11.1830958,10.1233825,11.4239917,9.9905172,11.6756247,9.6638202,10.5549526,10.644413,10.1184895,10.867341,9.9594379,11.0481865,9.8133516,11.5485483,9.4249266,10.533446,10.6201979,10.4673756,10.7492632,9.9021467,10.9154741,9.8207155,11.2449221,9.5926141,11.4738732,9.4189679,10.4518455,10.8119876,10.2153173,11.1196813,10.0086015,11.2706895,9.6670696,11.5093437,9.5815593,10.5343883,10.5293852,10.2971058,10.6234852,9.9405162,11.1195716,9.8480815,11.0795778,9.5817122,11.420127,9.5098815,10.4758113,10.5276073,10.2029787,10.9700639,9.7880558,11.139089,9.7618782,11.4144474,9.40771,10.5631938,10.6385314,10.3603941,10.7426083,10.1077167,11.0857164,9.8414899,11.1987212,9.6814055,11.3044288,9.5303629,10.639457,10.5941591,10.0865314,10.7868993,9.8709965,10.9968801,9.6726665,11.2348981,9.5409845,10.4737618,10.5219143,10.3506165,10.5873067,9.9685316,10.9673169,9.7421438,11.1547064,9.5667345,11.4021052,9.5266484,10.54164,10.7201881,10.1125539,10.8278515,9.9541411,11.0665263,9.7847823,11.3760623,9.4427058,10.5458249,10.5187096,10.4164853,10.6642021,10.0445715,10.9628701,9.9899713,11.0947966,9.5669215,11.2840052,9.3715789,10.456819,10.5933573,10.2850687,10.8590571,10.0143675,11.2306766,9.5866323,11.3216473,9.4452526,11.6324199],