{"neural-net-training":{"PLACEHOLDER":15.1579284,"dropouts":102.4340063,"mse-more-hidden":17.0400308,"mse-loss-experiment":11.3763333,"one-hot":30.607711,"gradient-descent":26.1601543,"general-final-model":27.9044896,"mse-adam":19.858077,"faster-learning":25.6686447,"no-softmax":20.6523794,"scaled-features":19.2189218,"dropouts-longer-training":449.5512884,"initial-experiment":28.2959471,"more-hidden-layers":37.6931796},"value-iteration":{},"state-space-enumeration":{"5":800,"4":1000,"2":1000,"starting":0.5,"3":1000,"1":90},"parless-reweighting":{"general":0.7553273,"champion":0.5310976},"transition-mapping":{"naive":2751.1191666},"neural-net-extrapolation":{}}