{"neural-net-training":{"PLACEHOLDER":15.1579284,"dropouts":81.2985366,"mse-more-hidden":49.4173332,"mse-loss-experiment":31.8984746,"one-hot":95.0003358,"gradient-descent":74.5438424,"general-final-model":27.9044896,"mse-adam":57.6404794,"faster-learning":25.6686447,"no-softmax":55.3275351,"scaled-features":56.5400494,"dropouts-longer-training":475.3078625,"initial-experiment":80.5361336,"more-hidden-layers":107.2435534},"value-iteration":{},"state-space-enumeration":{"breath-4":1000,"breath-5":800,"starting":0.17353,"breath-2":1000,"breath-3":1000,"breath-1":0.1738557},"parless-reweighting":{"general":1.524096,"champion":0.5411117},"transition-mapping":{"naive":2751.1191666},"neural-net-extrapolation":{}}