{"general-parless-reweighting":0.5964363,"starting-states":0.1890849,"state-space":2041.2837223,"naive-transitions":2751.1191666,"champion-parless-reweighting":0.5456372}