{"neural-net-training":{"PLACEHOLDER":15.1579284,"dropouts":78.7721439,"mse-more-hidden":43.64041,"mse-loss-experiment":28.7553079,"one-hot":88.7708091,"champion-final-model":49.8537172,"gradient-descent":67.6078017,"general-final-model":35.9052923,"mse-adam":55.616073,"faster-learning":25.6686447,"no-softmax":53.4166745,"scaled-features":55.3994293,"dropouts-longer-training":451.8790576,"initial-experiment":77.1650272,"more-hidden-layers":103.3080268},"value-iteration":{"naive":[10.2442779,9.9121446,10.5114642]},"state-space-enumeration":{"breath-4":731.5675778,"breath-5":314.3897894,"starting":0.6628655,"breath-2":216.7253172,"breath-3":572.4083072,"breath-1":0.7175066},"pawnn-extrapolation":{"general":7.1943149,"champion":6.5100362},"parless-reweighting":{"general":1.524096,"champion":0.5411117},"transition-mapping":{"naive":2751.1191666}}